timestamp,service_name,status,uptime_seconds,downtime_seconds,availability_percent,environment
2025-11-27T11:05:07.188996,deploy_agent_worker_1,degraded,60,2.18,96.49,prod
2025-11-27T11:05:07.189995,deploy_agent_worker_2,running,60,0,100.0,prod
2025-11-27T11:05:07.191995,deploy_agent_worker_3,running,60,0,100.0,prod
2025-11-27T11:05:07.193995,issue_detector,running,60,0,100.0,prod
2025-11-27T11:05:07.194738,auto_heal_agent,running,60,0,100.0,prod
2025-11-27T11:05:07.197363,redis_queue,running,60,0,100.0,prod
2025-11-27T11:05:07.204875,deploy_agent_worker_1,running,60,0,100.0,prod
2025-11-27T11:05:07.206876,deploy_agent_worker_2,running,60,0,100.0,prod
2025-11-27T11:05:07.207877,deploy_agent_worker_3,running,60,0,100.0,prod
2025-11-27T11:05:07.208877,issue_detector,running,60,0,100.0,prod
2025-11-27T11:05:07.209877,auto_heal_agent,running,60,0,100.0,prod
2025-11-27T11:05:07.210876,redis_queue,degraded,60,1.09,98.21,prod
2025-11-27T11:05:07.225044,deploy_agent_worker_1,running,60,0,100.0,prod
2025-11-27T11:05:07.227440,deploy_agent_worker_2,running,60,0,100.0,prod
2025-11-27T11:05:07.230702,deploy_agent_worker_3,running,60,0,100.0,prod
2025-11-27T11:05:07.233703,issue_detector,running,60,0,100.0,prod
2025-11-27T11:05:07.238704,auto_heal_agent,running,60,0,100.0,prod
2025-11-27T11:05:07.242703,redis_queue,running,60,0,100.0,prod
2025-11-27T11:05:07.250260,deploy_agent_worker_1,running,60,0,100.0,prod
2025-11-27T11:05:07.251257,deploy_agent_worker_2,running,60,0,100.0,prod
2025-11-27T11:05:07.252257,deploy_agent_worker_3,running,60,0,100.0,prod
2025-11-27T11:05:07.253256,issue_detector,running,60,0,100.0,prod
2025-11-27T11:05:07.254257,auto_heal_agent,running,60,0,100.0,prod
2025-11-27T11:05:07.255257,redis_queue,running,60,0,100.0,prod
2025-11-27T11:05:07.264021,deploy_agent_worker_1,running,60,0,100.0,prod
2025-11-27T11:05:07.265021,deploy_agent_worker_2,running,60,0,100.0,prod
2025-11-27T11:05:07.267020,deploy_agent_worker_3,degraded,60,1.99,96.78,prod
2025-11-27T11:05:07.268022,issue_detector,running,60,0,100.0,prod
2025-11-27T11:05:07.270022,auto_heal_agent,running,60,0,100.0,prod
2025-11-27T11:05:07.272021,redis_queue,running,60,0,100.0,prod
2025-11-27T11:05:07.282622,deploy_agent_worker_1,running,60,0,100.0,prod
2025-11-27T11:05:07.283622,deploy_agent_worker_2,running,60,0,100.0,prod
2025-11-27T11:05:07.284621,deploy_agent_worker_3,running,60,0,100.0,prod
2025-11-27T11:05:07.286622,issue_detector,running,60,0,100.0,prod
2025-11-27T11:05:07.287623,auto_heal_agent,running,60,0,100.0,prod
2025-11-27T11:05:07.288979,redis_queue,running,60,0,100.0,prod
2025-11-27T11:05:07.300702,deploy_agent_worker_1,running,60,0,100.0,prod
2025-11-27T11:05:07.301701,deploy_agent_worker_2,running,60,0,100.0,prod
2025-11-27T11:05:07.302701,deploy_agent_worker_3,running,60,0,100.0,prod
2025-11-27T11:05:07.303702,issue_detector,running,60,0,100.0,prod
2025-11-27T11:05:07.305003,auto_heal_agent,running,60,0,100.0,prod
2025-11-27T11:05:07.306003,redis_queue,running,60,0,100.0,prod
2025-11-27T11:05:07.323377,deploy_agent_worker_1,running,60,0,100.0,prod
2025-11-27T11:05:07.325377,deploy_agent_worker_2,running,60,0,100.0,prod
2025-11-27T11:05:07.326378,deploy_agent_worker_3,running,60,0,100.0,prod
2025-11-27T11:05:07.327378,issue_detector,running,60,0,100.0,prod
2025-11-27T11:05:07.328378,auto_heal_agent,running,60,0,100.0,prod
2025-11-27T11:05:07.333783,redis_queue,running,60,0,100.0,prod
2025-11-27T11:05:07.346190,deploy_agent_worker_1,running,60,0,100.0,prod
2025-11-27T11:05:07.347406,deploy_agent_worker_2,running,60,0,100.0,prod
2025-11-27T11:05:07.348406,deploy_agent_worker_3,running,60,0,100.0,prod
2025-11-27T11:05:07.350405,issue_detector,running,60,0,100.0,prod
2025-11-27T11:05:07.351405,auto_heal_agent,running,60,0,100.0,prod
2025-11-27T11:05:07.352407,redis_queue,running,60,0,100.0,prod
2025-11-27T11:05:07.360708,deploy_agent_worker_1,running,60,0,100.0,prod
2025-11-27T11:05:07.364180,deploy_agent_worker_2,running,60,0,100.0,prod
2025-11-27T11:05:07.365294,deploy_agent_worker_3,running,60,0,100.0,prod
2025-11-27T11:05:07.367295,issue_detector,running,60,0,100.0,prod
2025-11-27T11:05:07.369294,auto_heal_agent,running,60,0,100.0,prod
2025-11-27T11:05:07.370294,redis_queue,running,60,0,100.0,prod
2025-11-27T11:05:07.377295,deploy_agent_worker_1,running,60,0,100.0,prod
2025-11-27T11:05:07.386780,deploy_agent_worker_2,running,60,0,100.0,prod
2025-11-27T11:05:07.394780,deploy_agent_worker_3,running,60,0,100.0,prod
2025-11-27T11:05:07.401795,issue_detector,running,60,0,100.0,prod
2025-11-27T11:05:07.405065,auto_heal_agent,running,60,0,100.0,prod
2025-11-27T11:05:07.406065,redis_queue,running,60,0,100.0,prod
2025-11-27T11:05:07.414033,deploy_agent_worker_1,running,60,0,100.0,prod
2025-11-27T11:05:07.415032,deploy_agent_worker_2,running,60,0,100.0,prod
2025-11-27T11:05:07.417543,deploy_agent_worker_3,degraded,60,0.61,99.0,prod
2025-11-27T11:05:07.419604,issue_detector,running,60,0,100.0,prod
2025-11-27T11:05:07.420605,auto_heal_agent,running,60,0,100.0,prod
2025-11-27T11:05:07.422604,redis_queue,running,60,0,100.0,prod
2025-11-27T11:05:07.430690,deploy_agent_worker_1,running,60,0,100.0,prod
2025-11-27T11:05:07.432690,deploy_agent_worker_2,running,60,0,100.0,prod
2025-11-27T11:05:07.433691,deploy_agent_worker_3,running,60,0,100.0,prod
2025-11-27T11:05:07.433691,issue_detector,running,60,0,100.0,prod
2025-11-27T11:05:07.434691,auto_heal_agent,running,60,0,100.0,prod
2025-11-27T11:05:07.435689,redis_queue,running,60,0,100.0,prod
2025-11-27T11:05:07.457709,deploy_agent_worker_1,running,60,0,100.0,prod
2025-11-27T11:05:07.460219,deploy_agent_worker_2,running,60,0,100.0,prod
2025-11-27T11:05:07.461220,deploy_agent_worker_3,running,60,0,100.0,prod
2025-11-27T11:05:07.465919,issue_detector,running,60,0,100.0,prod
2025-11-27T11:05:07.466997,auto_heal_agent,running,60,0,100.0,prod
2025-11-27T11:05:07.468996,redis_queue,running,60,0,100.0,prod
2025-11-27T11:05:07.475995,deploy_agent_worker_1,running,60,0,100.0,prod
2025-11-27T11:05:07.477995,deploy_agent_worker_2,running,60,0,100.0,prod
2025-11-27T11:05:07.478997,deploy_agent_worker_3,running,60,0,100.0,prod
2025-11-27T11:05:07.484420,issue_detector,running,60,0,100.0,prod
2025-11-27T11:05:07.493878,auto_heal_agent,degraded,60,3.59,94.36,prod
2025-11-27T11:05:07.495500,redis_queue,running,60,0,100.0,prod
2025-11-27T11:05:07.500091,deploy_agent_worker_1,running,60,0,100.0,prod
2025-11-27T11:05:07.501091,deploy_agent_worker_2,running,60,0,100.0,prod
2025-11-27T11:05:07.502094,deploy_agent_worker_3,running,60,0,100.0,prod
2025-11-27T11:05:07.503091,issue_detector,running,60,0,100.0,prod
2025-11-27T11:05:07.505604,auto_heal_agent,running,60,0,100.0,prod
2025-11-27T11:05:07.506605,redis_queue,running,60,0,100.0,prod
2025-11-27T11:05:07.513496,deploy_agent_worker_1,running,60,0,100.0,prod
2025-11-27T11:05:07.514914,deploy_agent_worker_2,running,60,0,100.0,prod
2025-11-27T11:05:07.516351,deploy_agent_worker_3,running,60,0,100.0,prod
2025-11-27T11:05:07.517351,issue_detector,running,60,0,100.0,prod
2025-11-27T11:05:07.520353,auto_heal_agent,running,60,0,100.0,prod
2025-11-27T11:05:07.521353,redis_queue,running,60,0,100.0,prod
2025-11-27T11:05:07.527694,deploy_agent_worker_1,running,60,0,100.0,prod
2025-11-27T11:05:07.527694,deploy_agent_worker_2,running,60,0,100.0,prod
2025-11-27T11:05:07.529460,deploy_agent_worker_3,running,60,0,100.0,prod
2025-11-27T11:05:07.530630,issue_detector,running,60,0,100.0,prod
2025-11-27T11:05:07.531631,auto_heal_agent,running,60,0,100.0,prod
2025-11-27T11:05:07.532630,redis_queue,running,60,0,100.0,prod
2025-11-27T11:05:07.536632,deploy_agent_worker_1,running,60,0,100.0,prod
2025-11-27T11:05:07.536632,deploy_agent_worker_2,running,60,0,100.0,prod
2025-11-27T11:05:07.537631,deploy_agent_worker_3,running,60,0,100.0,prod
2025-11-27T11:05:07.539633,issue_detector,running,60,0,100.0,prod
2025-11-27T11:05:07.539633,auto_heal_agent,running,60,0,100.0,prod
2025-11-27T11:05:07.540633,redis_queue,running,60,0,100.0,prod
2025-11-27T11:05:07.544077,deploy_agent_worker_1,running,60,0,100.0,prod
2025-11-27T11:05:07.545637,deploy_agent_worker_2,degraded,60,4.61,92.87,prod
2025-11-27T11:05:07.547437,deploy_agent_worker_3,running,60,0,100.0,prod
2025-11-27T11:05:07.547864,issue_detector,running,60,0,100.0,prod
2025-11-27T11:05:07.548859,auto_heal_agent,running,60,0,100.0,prod
2025-11-27T11:05:07.550283,redis_queue,running,60,0,100.0,prod
2025-11-27T11:05:07.553341,deploy_agent_worker_1,running,60,0,100.0,prod
2025-11-27T11:05:07.554346,deploy_agent_worker_2,running,60,0,100.0,prod
2025-11-27T11:05:07.554346,deploy_agent_worker_3,running,60,0,100.0,prod
2025-11-27T11:05:07.555419,issue_detector,running,60,0,100.0,prod
2025-11-27T11:05:07.555419,auto_heal_agent,running,60,0,100.0,prod
2025-11-27T11:05:07.555419,redis_queue,running,60,0,100.0,prod
2025-11-27T11:05:07.558994,deploy_agent_worker_1,running,60,0,100.0,prod
2025-11-27T11:05:07.558994,deploy_agent_worker_2,running,60,0,100.0,prod
2025-11-27T11:05:07.559999,deploy_agent_worker_3,running,60,0,100.0,prod
2025-11-27T11:05:07.561013,issue_detector,degraded,60,0.06,99.9,prod
2025-11-27T11:05:07.561013,auto_heal_agent,running,60,0,100.0,prod
2025-11-27T11:05:07.562793,redis_queue,running,60,0,100.0,prod
2025-11-27T11:05:07.567351,deploy_agent_worker_1,running,60,0,100.0,prod
2025-11-27T11:05:07.568360,deploy_agent_worker_2,running,60,0,100.0,prod
2025-11-27T11:05:07.569612,deploy_agent_worker_3,running,60,0,100.0,prod
2025-11-27T11:05:07.570615,issue_detector,running,60,0,100.0,prod
2025-11-27T11:05:07.570615,auto_heal_agent,running,60,0,100.0,prod
2025-11-27T11:05:07.571756,redis_queue,running,60,0,100.0,prod
2025-11-27T11:05:07.575683,deploy_agent_worker_1,running,60,0,100.0,prod
2025-11-27T11:05:07.575683,deploy_agent_worker_2,running,60,0,100.0,prod
2025-11-27T11:05:07.577084,deploy_agent_worker_3,running,60,0,100.0,prod
2025-11-27T11:05:07.577084,issue_detector,running,60,0,100.0,prod
2025-11-27T11:05:07.578475,auto_heal_agent,degraded,60,0.65,98.94,prod
2025-11-27T11:05:07.579446,redis_queue,running,60,0,100.0,prod
2025-11-27T11:05:07.582679,deploy_agent_worker_1,running,60,0,100.0,prod
2025-11-27T11:05:07.582679,deploy_agent_worker_2,running,60,0,100.0,prod
2025-11-27T11:05:07.583919,deploy_agent_worker_3,running,60,0,100.0,prod
2025-11-27T11:05:07.583919,issue_detector,running,60,0,100.0,prod
2025-11-27T11:05:07.585274,auto_heal_agent,running,60,0,100.0,prod
2025-11-27T11:05:07.585274,redis_queue,running,60,0,100.0,prod
2025-11-27T11:05:07.589084,deploy_agent_worker_1,running,60,0,100.0,prod
2025-11-27T11:05:07.590239,deploy_agent_worker_2,degraded,60,2.54,95.94,prod
2025-11-27T11:05:07.590239,deploy_agent_worker_3,running,60,0,100.0,prod
2025-11-27T11:05:07.591496,issue_detector,running,60,0,100.0,prod
2025-11-27T11:05:07.591496,auto_heal_agent,running,60,0,100.0,prod
2025-11-27T11:05:07.592626,redis_queue,running,60,0,100.0,prod
2025-11-27T11:05:07.598183,deploy_agent_worker_1,running,60,0,100.0,prod
2025-11-27T11:05:07.598183,deploy_agent_worker_2,running,60,0,100.0,prod
2025-11-27T11:05:07.599631,deploy_agent_worker_3,running,60,0,100.0,prod
2025-11-27T11:05:07.599631,issue_detector,running,60,0,100.0,prod
2025-11-27T11:05:07.600917,auto_heal_agent,running,60,0,100.0,prod
2025-11-27T11:05:07.601974,redis_queue,running,60,0,100.0,prod
2025-11-27T11:05:07.605861,deploy_agent_worker_1,running,60,0,100.0,prod
2025-11-27T11:05:07.605861,deploy_agent_worker_2,running,60,0,100.0,prod
2025-11-27T11:05:07.607278,deploy_agent_worker_3,running,60,0,100.0,prod
2025-11-27T11:05:07.608278,issue_detector,running,60,0,100.0,prod
2025-11-27T11:05:07.608278,auto_heal_agent,running,60,0,100.0,prod
2025-11-27T11:05:07.609642,redis_queue,running,60,0,100.0,prod
2025-11-27T11:05:07.643195,deploy_agent_worker_1,running,60,0,100.0,prod
2025-11-27T11:05:07.644193,deploy_agent_worker_2,running,60,0,100.0,prod
2025-11-27T11:05:07.645193,deploy_agent_worker_3,running,60,0,100.0,prod
2025-11-27T11:05:07.646022,issue_detector,running,60,0,100.0,prod
2025-11-27T11:05:07.647219,auto_heal_agent,degraded,60,4.16,93.52,prod
2025-11-27T11:05:07.648162,redis_queue,degraded,60,3.69,94.2,prod
2025-11-27T11:05:07.651977,deploy_agent_worker_1,running,60,0,100.0,prod
2025-11-27T11:05:07.653075,deploy_agent_worker_2,degraded,60,3.68,94.22,prod
2025-11-27T11:05:07.653075,deploy_agent_worker_3,running,60,0,100.0,prod
2025-11-27T11:05:07.653075,issue_detector,running,60,0,100.0,prod
2025-11-27T11:05:07.654498,auto_heal_agent,running,60,0,100.0,prod
2025-11-27T11:05:07.655695,redis_queue,running,60,0,100.0,prod
2025-11-27T11:07:07.140938,test_service,running,3600,0,100.0,prod
