timestamp,state,action,system_outcome,user_feedback
2025-10-29T09:42:12.862901,deployment_failure,adjust_thresholds,success,accepted
2025-10-29T09:42:35.494263,anomaly_health,adjust_thresholds,success,accepted
2025-10-29T09:43:18.935454,latency_issue,retry_deployment,failure,accepted
2025-10-29T09:43:44.038588,anomaly_health,retry_deployment,failure,accepted
2025-10-29T09:44:02.111625,deployment_failure,adjust_thresholds,success,accepted
2025-10-29T09:44:21.903823,anomaly_health,adjust_thresholds,success,accepted
2025-10-29T09:45:00.268030,latency_issue,retry_deployment,failure,accepted
2025-10-29T09:45:05.254169,anomaly_health,adjust_thresholds,success,accepted
2025-10-29T09:47:29.188262,deployment_failure,retry_deployment,failure,accepted
2025-10-29T09:48:02.135366,anomaly_health,retry_deployment,failure,accepted
2025-10-29T09:48:40.590737,deployment_failure,restore_previous_version,failure,accepted
2025-10-29T09:49:02.727910,anomaly_health,retry_deployment,failure,accepted
2025-10-29T09:49:20.861160,deployment_failure,adjust_thresholds,success,accepted
2025-10-29T09:49:54.267885,anomaly_health,adjust_thresholds,success,accepted
2025-10-29T09:50:31.662063,latency_issue,retry_deployment,failure,accepted
2025-10-29T09:50:35.414877,anomaly_health,adjust_thresholds,success,accepted
2025-10-29T10:03:07.618443,latency_issue,retry_deployment,failure,rejected
2025-10-29T10:05:26.229719,deployment_failure,adjust_thresholds,success,accepted
2025-10-29T10:06:38.246814,latency_issue,restore_previous_version,failure,rejected
2025-10-29T10:08:42.471673,deployment_failure,adjust_thresholds,success,rejected
2025-10-29T10:19:23.980292,latency_issue,adjust_thresholds,success,accepted
2025-10-29T10:28:38.617710,deployment_failure,restore_previous_version,failure,rejected
2025-10-29T10:37:06.956494,deployment_failure,retry_deployment,failure,accepted
2025-10-29T10:37:50.656933,anomaly_health,retry_deployment,failure,accepted
2025-10-29T10:38:27.408438,deployment_failure,retry_deployment,failure,accepted
2025-10-29T10:38:45.656374,anomaly_health,restore_previous_version,failure,accepted
2025-10-29T10:39:02.222091,deployment_failure,adjust_thresholds,success,accepted
2025-10-29T10:39:19.062293,anomaly_health,adjust_thresholds,success,accepted
2025-10-29T10:39:41.223090,latency_issue,adjust_thresholds,success,accepted
2025-10-29T10:39:47.511045,anomaly_health,adjust_thresholds,success,accepted
2025-10-29T11:49:45.750772,deployment_failure,adjust_thresholds,success,rejected
2025-10-29T11:57:54.256033,deployment_failure,adjust_thresholds,success,accepted
2025-10-29T12:31:11.123156,deployment_failure,adjust_thresholds,success,accepted
2025-10-29T15:52:11.954365,anomaly_health,retry_deployment,failure,rejected
2025-10-29T15:56:37.160493,deployment_failure,retry_deployment,failure,accepted
2025-10-29T15:57:10.414522,anomaly_health,restore_previous_version,failure,accepted
2025-10-29T15:57:48.402623,deployment_failure,retry_deployment,failure,accepted
2025-10-29T15:58:07.568103,anomaly_health,restore_previous_version,failure,accepted
2025-10-29T15:58:32.522990,deployment_failure,adjust_thresholds,success,accepted
2025-10-29T15:58:52.804159,anomaly_health,adjust_thresholds,success,accepted
2025-10-29T15:59:14.888763,latency_issue,adjust_thresholds,success,accepted
2025-10-29T15:59:18.866205,anomaly_health,adjust_thresholds,success,accepted
